layer_name,algorithm,block_rows,block_cols,sparsity,max_iter,random_swaps,swap_fraction,sort_start,total_time_sec,rel_error,density,pruned_weight_l1,total_weight_l1,total_wanda_mass,retained_wanda_mass,score_pruned_sum,score_baseline_sum,score_improvement_pct,n_rows,n_cols,perplexity_baseline,perplexity_all_layers
blocks.0.self_attn.q_proj,block_wanda,1,8,0.5,1,10,0.03333333333333333,True,0.03872249647974968,0.0016304033904124791,0.5,29696.0,78336.0,14101.8271484375,14078.8359375,22.99167251586914,22.99167251586914,0.0,960,960,10.181004524230957,68364.0078125
blocks.0.self_attn.k_proj,block_wanda,1,8,0.5,1,10,0.03333333333333333,True,0.00237109512090683,0.002544095628935668,0.5,15744.0,41728.0,8414.2880859375,8392.8818359375,21.40675926208496,21.40675926208496,0.0,320,960,10.181004524230957,68364.0078125
blocks.0.self_attn.v_proj,block_wanda,1,8,0.5,1,10,0.03333333333333333,True,0.002368721179664135,0.06506362252619931,0.5,4032.0,9600.0,13.289003372192383,12.424373626708984,0.8646308779716492,0.8646308779716492,0.0,320,960,10.181004524230957,68364.0078125
blocks.0.self_attn.o_proj,block_wanda,1,8,0.5,1,10,0.03333333333333333,True,0.00248787272721529,0.00039733218702706346,0.5,13056.0,31488.0,222.58074951171875,222.4923095703125,0.08843863755464554,0.08843863755464554,0.0,960,960,10.181004524230957,68364.0078125
blocks.0.mlp.gate_proj,block_wanda,1,8,0.5,1,10,0.03333333333333333,True,0.002419288270175457,0.0025464192044082116,0.5,141312.0,344064.0,790890.4375,788876.5,2013.9385986328125,2013.9385986328125,0.0,2560,960,10.181004524230957,68364.0078125
blocks.0.mlp.up_proj,block_wanda,1,8,0.5,1,10,0.03333333333333333,True,0.0025069396942853928,0.08887240670530513,0.5,139264.0,339968.0,22002.16796875,20046.78125,1955.3856201171875,1955.3856201171875,0.0,2560,960,10.181004524230957,68364.0078125
blocks.0.mlp.down_proj,block_wanda,1,8,0.5,1,10,0.03333333333333333,True,0.0024340935051441193,0.1810427107922115,0.5,137216.0,327680.0,35696.20703125,29233.671875,6462.5390625,6462.5390625,0.0,960,2560,10.181004524230957,68364.0078125
blocks.1.self_attn.q_proj,block_wanda,1,8,0.5,1,10,0.03333333333333333,True,0.0023544039577245712,0.05455881620398838,0.5,65280.0,156672.0,38738.7265625,36625.1875,2113.539306640625,2113.539306640625,0.0,960,960,10.181004524230957,68364.0078125
blocks.1.self_attn.k_proj,block_wanda,1,8,0.5,1,10,0.03333333333333333,True,0.0024607740342617035,0.034599994007636456,0.5,25984.0,62208.0,29497.177734375,28476.57421875,1020.6021728515625,1020.6021728515625,0.0,320,960,10.181004524230957,68364.0078125
blocks.1.self_attn.v_proj,block_wanda,1,8,0.5,1,10,0.03333333333333333,True,0.0003574555739760399,0.1785503909466709,0.5,10496.0,25088.0,907.3621826171875,745.352294921875,162.00985717773438,162.00985717773438,0.0,320,960,10.181004524230957,68364.0078125
blocks.1.self_attn.o_proj,block_wanda,1,8,0.5,1,10,0.03333333333333333,True,0.00034809764474630356,0.07241599873739517,0.5,36608.0,87552.0,7765.4443359375,7203.10107421875,562.3424072265625,562.3424072265625,0.0,960,960,10.181004524230957,68364.0078125
blocks.1.mlp.gate_proj,block_wanda,1,8,0.5,1,10,0.03333333333333333,True,0.0003163190558552742,0.25749402826806217,0.5,147456.0,364544.0,10301.626953125,7649.02001953125,2652.607421875,2652.607421875,0.0,2560,960,10.181004524230957,68364.0078125
blocks.1.mlp.up_proj,block_wanda,1,8,0.5,1,10,0.03333333333333333,True,0.00032169558107852936,0.2858719592492559,0.5,131072.0,325632.0,7343.8076171875,5244.41943359375,2099.388671875,2099.388671875,0.0,2560,960,10.181004524230957,68364.0078125
blocks.1.mlp.down_proj,block_wanda,1,8,0.5,1,10,0.03333333333333333,True,0.00030709896236658096,0.27519912956929443,0.5,133120.0,327680.0,11611.080078125,8415.720703125,3195.359130859375,3195.359130859375,0.0,960,2560,10.181004524230957,68364.0078125
blocks.2.self_attn.q_proj,block_wanda,1,8,0.5,1,10,0.03333333333333333,True,0.002351609990000725,0.08586724919082313,0.5,60672.0,145408.0,28485.49609375,26039.5234375,2445.97119140625,2445.97119140625,0.0,960,960,10.181004524230957,68364.0078125
blocks.2.self_attn.k_proj,block_wanda,1,8,0.5,1,10,0.03333333333333333,True,0.00043023284524679184,0.039639711083465326,0.5,23296.0,55808.0,27584.19921875,26490.767578125,1093.4296875,1093.4296875,0.0,320,960,10.181004524230957,68364.0078125
blocks.2.self_attn.v_proj,block_wanda,1,8,0.5,1,10,0.03333333333333333,True,0.0024564433842897415,0.24607496097198878,0.5,12608.0,30464.0,1257.04736328125,947.7195434570312,309.3279113769531,309.3279113769531,0.0,320,960,10.181004524230957,68364.0078125
blocks.2.self_attn.o_proj,block_wanda,1,8,0.5,1,10,0.03333333333333333,True,0.002477816306054592,0.1386907562115112,0.5,42240.0,97280.0,5049.55322265625,4349.22705078125,700.3263549804688,700.3263549804688,0.0,960,960,10.181004524230957,68364.0078125
blocks.2.mlp.gate_proj,block_wanda,1,8,0.5,1,10,0.03333333333333333,True,0.0025093136355280876,0.2375196596436053,0.5,144384.0,358400.0,13646.541015625,10405.21875,3241.32177734375,3241.32177734375,0.0,2560,960,10.181004524230957,68364.0078125
blocks.2.mlp.up_proj,block_wanda,1,8,0.5,1,10,0.03333333333333333,True,0.0024202661588788033,0.2845520175939001,0.5,134144.0,333824.0,9788.548828125,7003.197265625,2785.351318359375,2785.351318359375,0.0,2560,960,10.181004524230957,68364.0078125
blocks.2.mlp.down_proj,block_wanda,1,8,0.5,1,10,0.03333333333333333,True,0.0024295542389154434,0.27728734043008624,0.5,134144.0,331776.0,15762.5087890625,11391.7646484375,4370.744140625,4370.744140625,0.0,960,2560,10.181004524230957,68364.0078125
blocks.3.self_attn.q_proj,block_wanda,1,8,0.5,1,10,0.03333333333333333,True,0.0022802995517849922,0.11164634147912138,0.5,62208.0,149504.0,30329.1328125,26942.994140625,3386.13671875,3386.13671875,0.0,960,960,10.181004524230957,68364.0078125
blocks.3.self_attn.k_proj,block_wanda,1,8,0.5,1,10,0.03333333333333333,True,0.0023663463070988655,0.058409804980102106,0.5,23808.0,57088.0,26403.35546875,24861.140625,1542.2147216796875,1542.2147216796875,0.0,320,960,10.181004524230957,68364.0078125
blocks.3.self_attn.v_proj,block_wanda,1,8,0.5,1,10,0.03333333333333333,True,0.0023668361827731133,0.2019787129619444,0.5,10752.0,25856.0,1495.81884765625,1193.6951904296875,302.12353515625,302.12353515625,0.0,320,960,10.181004524230957,68364.0078125
blocks.3.self_attn.o_proj,block_wanda,1,8,0.5,1,10,0.03333333333333333,True,0.002385343424975872,0.11272131397891844,0.5,42752.0,93184.0,8751.166015625,7764.72314453125,986.44287109375,986.44287109375,0.0,960,960,10.181004524230957,68364.0078125
blocks.3.mlp.gate_proj,block_wanda,1,8,0.5,1,10,0.03333333333333333,True,0.0024194959551095963,0.208592603227663,0.5,143360.0,354304.0,18963.5078125,15007.8603515625,3955.6474609375,3955.6474609375,0.0,2560,960,10.181004524230957,68364.0078125
blocks.3.mlp.up_proj,block_wanda,1,8,0.5,1,10,0.03333333333333333,True,0.0024169832468032837,0.28598655622849145,0.5,134144.0,331776.0,12021.71484375,8583.666015625,3438.048828125,3438.048828125,0.0,2560,960,10.181004524230957,68364.0078125
blocks.3.mlp.down_proj,block_wanda,1,8,0.5,1,10,0.03333333333333333,True,0.0025042854249477386,0.0028829893533439213,0.5,132096.0,327680.0,1928366.625,1922807.125,5559.46044921875,5559.46044921875,0.0,960,2560,10.181004524230957,68364.0078125
blocks.4.self_attn.q_proj,block_wanda,1,8,0.5,1,10,0.03333333333333333,True,0.00235670804977417,0.09731079231878752,0.5,59136.0,143360.0,37600.671875,33941.72265625,3658.950927734375,3658.950927734375,0.0,960,960,10.181004524230957,68364.0078125
blocks.4.self_attn.k_proj,block_wanda,1,8,0.5,1,10,0.03333333333333333,True,0.0024447105824947357,0.06168505588575758,0.5,21760.0,52992.0,24478.6484375,22968.681640625,1509.9666748046875,1509.9666748046875,0.0,320,960,10.181004524230957,68364.0078125
blocks.4.self_attn.v_proj,block_wanda,1,8,0.5,1,10,0.03333333333333333,True,0.0023639025166630745,0.23942849596584215,0.5,13248.0,32512.0,2206.43896484375,1678.1546630859375,528.2843627929688,528.2843627929688,0.0,320,960,10.181004524230957,68364.0078125
blocks.4.self_attn.o_proj,block_wanda,1,8,0.5,1,10,0.03333333333333333,True,0.002330516465008259,0.18700100244760048,0.5,45056.0,101888.0,8636.0888671875,7021.1318359375,1614.957275390625,1614.957275390625,0.0,960,960,10.181004524230957,68364.0078125
blocks.4.mlp.gate_proj,block_wanda,1,8,0.5,1,10,0.03333333333333333,True,0.0024222899228334427,0.22593130042182233,0.5,141312.0,348160.0,18538.42578125,14350.0146484375,4188.41015625,4188.41015625,0.0,2560,960,10.181004524230957,68364.0078125
blocks.4.mlp.up_proj,block_wanda,1,8,0.5,1,10,0.03333333333333333,True,0.0024194270372390747,0.2879037590884714,0.5,136192.0,337920.0,13471.361328125,9592.90625,3878.45556640625,3878.45556640625,0.0,2560,960,10.181004524230957,68364.0078125
blocks.4.mlp.down_proj,block_wanda,1,8,0.5,1,10,0.03333333333333333,True,0.002511759288609028,0.2770839204309485,0.5,135168.0,333824.0,24139.705078125,17450.98046875,6688.72412109375,6688.72412109375,0.0,960,2560,10.181004524230957,68364.0078125
blocks.5.self_attn.q_proj,block_wanda,1,8,0.5,1,10,0.03333333333333333,True,0.002349584363400936,0.11659538921047201,0.5,56832.0,138240.0,35260.53515625,31149.318359375,4111.21533203125,4111.21533203125,0.0,960,960,10.181004524230957,68364.0078125
blocks.5.self_attn.k_proj,block_wanda,1,8,0.5,1,10,0.03333333333333333,True,0.0022802995517849922,0.06863478583203073,0.5,20736.0,50688.0,23810.53125,22176.30078125,1634.2308349609375,1634.2308349609375,0.0,320,960,10.181004524230957,68364.0078125
blocks.5.self_attn.v_proj,block_wanda,1,8,0.5,1,10,0.03333333333333333,True,0.0024560242891311646,0.2611951034228869,0.5,14784.0,36352.0,3111.6083984375,2298.87158203125,812.7369384765625,812.7369384765625,0.0,320,960,10.181004524230957,68364.0078125
blocks.5.self_attn.o_proj,block_wanda,1,8,0.5,1,10,0.03333333333333333,True,0.0008422350510954857,0.18615827829429815,0.5,48640.0,109056.0,8826.00390625,7182.970703125,1643.03369140625,1643.03369140625,0.0,960,960,10.181004524230957,68364.0078125
blocks.5.mlp.gate_proj,block_wanda,1,8,0.5,1,10,0.03333333333333333,True,0.0003332914784550667,0.2502768593968708,0.5,139264.0,344064.0,17908.03515625,13426.06640625,4481.966796875,4481.966796875,0.0,2560,960,10.181004524230957,68364.0078125
blocks.5.mlp.up_proj,block_wanda,1,8,0.5,1,10,0.03333333333333333,True,0.0003025587648153305,0.2919767240266808,0.5,138240.0,342016.0,14983.26171875,10608.4990234375,4374.763671875,4374.763671875,0.0,2560,960,10.181004524230957,68364.0078125
blocks.5.mlp.down_proj,block_wanda,1,8,0.5,1,10,0.03333333333333333,True,0.000303538516163826,0.2895599577923153,0.5,136192.0,337920.0,25950.546875,18436.30859375,7514.23876953125,7514.23876953125,0.0,960,2560,10.181004524230957,68364.0078125
blocks.6.self_attn.q_proj,block_wanda,1,8,0.5,1,10,0.03333333333333333,True,0.0023520290851593018,0.10576692389352078,0.5,56320.0,137216.0,35184.9765625,31463.5703125,3721.40673828125,3721.40673828125,0.0,960,960,10.181004524230957,68364.0078125
blocks.6.self_attn.k_proj,block_wanda,1,8,0.5,1,10,0.03333333333333333,True,0.0024362588301301003,0.06771123847714804,0.5,21120.0,51200.0,22984.21875,21427.927734375,1556.289794921875,1556.289794921875,0.0,320,960,10.181004524230957,68364.0078125
blocks.6.self_attn.v_proj,block_wanda,1,8,0.5,1,10,0.03333333333333333,True,0.002470203675329685,0.24273536386175368,0.5,15104.0,37120.0,3146.96728515625,2383.0869140625,763.8802490234375,763.8802490234375,0.0,320,960,10.181004524230957,68364.0078125
blocks.6.self_attn.o_proj,block_wanda,1,8,0.5,1,10,0.03333333333333333,True,0.0023859720677137375,0.18039938198879726,0.5,46080.0,107008.0,9449.4140625,7744.74609375,1704.6683349609375,1704.6683349609375,0.0,960,960,10.181004524230957,68364.0078125
blocks.6.mlp.gate_proj,block_wanda,1,8,0.5,1,10,0.03333333333333333,True,0.002420335076749325,0.22266886955494672,0.5,136192.0,337920.0,20769.37109375,16144.6787109375,4624.6923828125,4624.6923828125,0.0,2560,960,10.181004524230957,68364.0078125
blocks.6.mlp.up_proj,block_wanda,1,8,0.5,1,10,0.03333333333333333,True,0.002513575367629528,0.28140599190430376,0.5,138240.0,342016.0,16785.5390625,12061.986328125,4723.55078125,4723.55078125,0.0,2560,960,10.181004524230957,68364.0078125
blocks.6.mlp.down_proj,block_wanda,1,8,0.5,1,10,0.03333333333333333,True,0.0024309512227773666,0.2766146699025114,0.5,137216.0,339968.0,32562.498046875,23555.232421875,9007.2646484375,9007.2646484375,0.0,960,2560,10.181004524230957,68364.0078125
blocks.7.self_attn.q_proj,block_wanda,1,8,0.5,1,10,0.03333333333333333,True,0.002349584363400936,0.08036938053451555,0.5,50944.0,123392.0,37280.69140625,34284.4609375,2996.22607421875,2996.22607421875,0.0,960,960,10.181004524230957,68364.0078125
blocks.7.self_attn.k_proj,block_wanda,1,8,0.5,1,10,0.03333333333333333,True,0.0023660678416490555,0.0429857926905499,0.5,17536.0,42752.0,23965.23046875,22935.064453125,1030.1644287109375,1030.1644287109375,0.0,320,960,10.181004524230957,68364.0078125
blocks.7.self_attn.v_proj,block_wanda,1,8,0.5,1,10,0.03333333333333333,True,0.002368721179664135,0.2615510374896685,0.5,16768.0,41472.0,3426.744873046875,2530.47607421875,896.2686767578125,896.2686767578125,0.0,320,960,10.181004524230957,68364.0078125
blocks.7.self_attn.o_proj,block_wanda,1,8,0.5,1,10,0.03333333333333333,True,0.0024729957804083824,0.19002375317054354,0.5,46592.0,112128.0,14395.2822265625,11659.8359375,2735.44580078125,2735.44580078125,0.0,960,960,10.181004524230957,68364.0078125
blocks.7.mlp.gate_proj,block_wanda,1,8,0.5,1,10,0.03333333333333333,True,0.0024296939373016357,0.1971501834959395,0.5,136192.0,333824.0,24954.251953125,20034.517578125,4919.7353515625,4919.7353515625,0.0,2560,960,10.181004524230957,68364.0078125
blocks.7.mlp.up_proj,block_wanda,1,8,0.5,1,10,0.03333333333333333,True,0.0007260171696543694,0.27535624702368316,0.5,139264.0,346112.0,18813.068359375,13632.771484375,5180.2958984375,5180.2958984375,0.0,2560,960,10.181004524230957,68364.0078125
blocks.7.mlp.down_proj,block_wanda,1,8,0.5,1,10,0.03333333333333333,True,0.0024294834583997726,0.2604837592179852,0.5,137216.0,339968.0,43468.6484375,32145.771484375,11322.876953125,11322.876953125,0.0,960,2560,10.181004524230957,68364.0078125
blocks.8.self_attn.q_proj,block_wanda,1,8,0.5,1,10,0.03333333333333333,True,0.002185523509979248,0.10913237176000012,0.5,55296.0,134144.0,34215.70703125,30481.6640625,3734.041259765625,3734.041259765625,0.0,960,960,10.181004524230957,68364.0078125
blocks.8.self_attn.k_proj,block_wanda,1,8,0.5,1,10,0.03333333333333333,True,0.002368232235312462,0.05746813953255993,0.5,19456.0,47104.0,24432.861328125,23028.75,1404.1112060546875,1404.1112060546875,0.0,320,960,10.181004524230957,68364.0078125
blocks.8.self_attn.v_proj,block_wanda,1,8,0.5,1,10,0.03333333333333333,True,0.002369420602917671,0.2632376348973803,0.5,16320.0,40192.0,3545.85400390625,2612.451904296875,933.4022216796875,933.4022216796875,0.0,320,960,10.181004524230957,68364.0078125
blocks.8.self_attn.o_proj,block_wanda,1,8,0.5,1,10,0.03333333333333333,True,0.0023437868803739548,0.1762894444939567,0.5,49664.0,114176.0,19548.3359375,16102.1728515625,3446.1650390625,3446.1650390625,0.0,960,960,10.181004524230957,68364.0078125
blocks.8.mlp.gate_proj,block_wanda,1,8,0.5,1,10,0.03333333333333333,True,0.002352937124669552,0.1917529584576422,0.5,141312.0,350208.0,35453.8359375,28655.4609375,6798.37744140625,6798.37744140625,0.0,2560,960,10.181004524230957,68364.0078125
blocks.8.mlp.up_proj,block_wanda,1,8,0.5,1,10,0.03333333333333333,True,0.0025151828303933144,0.28452216504529293,0.5,132096.0,329728.0,20626.15625,14757.556640625,5868.5986328125,5868.5986328125,0.0,2560,960,10.181004524230957,68364.0078125
blocks.8.mlp.down_proj,block_wanda,1,8,0.5,1,10,0.03333333333333333,True,0.0024338150396943092,0.2611873110848717,0.5,129536.0,319488.0,43476.5546875,32121.029296875,11355.5244140625,11355.5244140625,0.0,960,2560,10.181004524230957,68364.0078125
blocks.9.self_attn.q_proj,block_wanda,1,8,0.5,1,10,0.03333333333333333,True,0.0023398762568831444,0.0947003542235275,0.5,55040.0,130560.0,45169.21875,40891.67578125,4277.541015625,4277.541015625,0.0,960,960,10.181004524230957,68364.0078125
blocks.9.self_attn.k_proj,block_wanda,1,8,0.5,1,10,0.03333333333333333,True,0.002366555854678154,0.06519233382453327,0.5,19200.0,45568.0,23902.45703125,22344.19921875,1558.257080078125,1558.257080078125,0.0,320,960,10.181004524230957,68364.0078125
blocks.9.self_attn.v_proj,block_wanda,1,8,0.5,1,10,0.03333333333333333,True,0.0023640403524041176,0.21041086693605984,0.5,15936.0,38400.0,4614.6826171875,3643.70361328125,970.9793701171875,970.9793701171875,0.0,320,960,10.181004524230957,68364.0078125
blocks.9.self_attn.o_proj,block_wanda,1,8,0.5,1,10,0.03333333333333333,True,0.00032581668347120285,0.0922801908199246,0.5,51200.0,110592.0,27145.193359375,24640.23046875,2504.963623046875,2504.963623046875,0.0,960,960,10.181004524230957,68364.0078125
blocks.9.mlp.gate_proj,block_wanda,1,8,0.5,1,10,0.03333333333333333,True,0.00033419765532016754,0.2115592948366716,0.5,139264.0,346112.0,29497.044921875,23256.671875,6240.3740234375,6240.3740234375,0.0,2560,960,10.181004524230957,68364.0078125
blocks.9.mlp.up_proj,block_wanda,1,8,0.5,1,10,0.03333333333333333,True,0.00029997434467077255,0.2843147520214629,0.5,137216.0,339968.0,20966.40625,15005.34765625,5961.05810546875,5961.05810546875,0.0,2560,960,10.181004524230957,68364.0078125
blocks.9.mlp.down_proj,block_wanda,1,8,0.5,1,10,0.03333333333333333,True,0.0003002537414431572,0.27042692005479985,0.5,135168.0,331776.0,44876.39453125,32740.60546875,12135.78515625,12135.78515625,0.0,960,2560,10.181004524230957,68364.0078125
blocks.10.self_attn.q_proj,block_wanda,1,8,0.5,1,10,0.03333333333333333,True,0.0023444853723049164,0.09136160692767058,0.5,57088.0,136192.0,42950.9453125,39026.875,3924.0673828125,3924.0673828125,0.0,960,960,10.181004524230957,68364.0078125
blocks.10.self_attn.k_proj,block_wanda,1,8,0.5,1,10,0.03333333333333333,True,0.00045188330113887787,0.06594742081559886,0.5,20224.0,48128.0,23056.96484375,21536.416015625,1520.54736328125,1520.54736328125,0.0,320,960,10.181004524230957,68364.0078125
blocks.10.self_attn.v_proj,block_wanda,1,8,0.5,1,10,0.03333333333333333,True,0.002444639801979065,0.1976832336413814,0.5,14848.0,36096.0,3916.075439453125,3141.9326171875,774.1424560546875,774.1424560546875,0.0,320,960,10.181004524230957,68364.0078125
blocks.10.self_attn.o_proj,block_wanda,1,8,0.5,1,10,0.03333333333333333,True,0.0024970918893814087,0.16465496511412325,0.5,45568.0,109056.0,18372.40625,15347.2978515625,3025.10791015625,3025.10791015625,0.0,960,960,10.181004524230957,68364.0078125
blocks.10.mlp.gate_proj,block_wanda,1,8,0.5,1,10,0.03333333333333333,True,0.002518744207918644,0.2275108886963512,0.5,137216.0,339968.0,24893.666015625,19230.0859375,5663.58056640625,5663.58056640625,0.0,2560,960,10.181004524230957,68364.0078125
blocks.10.mlp.up_proj,block_wanda,1,8,0.5,1,10,0.03333333333333333,True,0.002419636584818363,0.287154242981227,0.5,141312.0,352256.0,21004.564453125,14973.0146484375,6031.5498046875,6031.5498046875,0.0,2560,960,10.181004524230957,68364.0078125
blocks.10.mlp.down_proj,block_wanda,1,8,0.5,1,10,0.03333333333333333,True,0.002421940676867962,0.26897742030781296,0.5,140288.0,344064.0,44229.62890625,32332.859375,11896.771484375,11896.771484375,0.0,960,2560,10.181004524230957,68364.0078125
blocks.11.self_attn.q_proj,block_wanda,1,8,0.5,1,10,0.03333333333333333,True,0.002324300818145275,0.10136025545494354,0.5,53760.0,130048.0,40250.1875,36170.4140625,4079.769287109375,4079.769287109375,0.0,960,960,10.181004524230957,68364.0078125
blocks.11.self_attn.k_proj,block_wanda,1,8,0.5,1,10,0.03333333333333333,True,0.0023639705032110214,0.0714161874388617,0.5,18432.0,44800.0,20792.86328125,19307.9140625,1484.9468994140625,1484.9468994140625,0.0,320,960,10.181004524230957,68364.0078125
blocks.11.self_attn.v_proj,block_wanda,1,8,0.5,1,10,0.03333333333333333,True,0.0023706071078777313,0.2262350324506532,0.5,16128.0,39424.0,4658.515625,3604.59619140625,1053.91943359375,1053.91943359375,0.0,320,960,10.181004524230957,68364.0078125
blocks.11.self_attn.o_proj,block_wanda,1,8,0.5,1,10,0.03333333333333333,True,0.002384086139500141,0.17028710697520522,0.5,47104.0,113664.0,21628.00390625,17945.033203125,3682.969970703125,3682.969970703125,0.0,960,960,10.181004524230957,68364.0078125
blocks.11.mlp.gate_proj,block_wanda,1,8,0.5,1,10,0.03333333333333333,True,0.0024211732670664787,0.19581746934881994,0.5,134144.0,331776.0,28271.75,22735.6484375,5536.1025390625,5536.1025390625,0.0,2560,960,10.181004524230957,68364.0078125
blocks.11.mlp.up_proj,block_wanda,1,8,0.5,1,10,0.03333333333333333,True,0.0025144126266241074,0.26526639356720666,0.5,144384.0,358400.0,24094.072265625,17702.724609375,6391.34765625,6391.34765625,0.0,2560,960,10.181004524230957,68364.0078125
blocks.11.mlp.down_proj,block_wanda,1,8,0.5,1,10,0.03333333333333333,True,0.002427389845252037,0.2531731974496288,0.5,142336.0,348160.0,60313.5234375,45043.7578125,15269.767578125,15269.767578125,0.0,960,2560,10.181004524230957,68364.0078125
blocks.12.self_attn.q_proj,block_wanda,1,8,0.5,1,10,0.03333333333333333,True,0.0023444155231118202,0.08200076568951795,0.5,56320.0,135168.0,39517.078125,36276.64453125,3240.4306640625,3240.4306640625,0.0,960,960,10.181004524230957,68364.0078125
blocks.12.self_attn.k_proj,block_wanda,1,8,0.5,1,10,0.03333333333333333,True,0.0023620864376425743,0.05609625525801437,0.5,19584.0,47104.0,21874.16015625,20647.1015625,1227.0584716796875,1227.0584716796875,0.0,320,960,10.181004524230957,68364.0078125
blocks.12.self_attn.v_proj,block_wanda,1,8,0.5,1,10,0.03333333333333333,True,0.002450786530971527,0.200589098855283,0.5,15424.0,37120.0,3543.900146484375,2833.032470703125,710.8677368164062,710.8677368164062,0.0,320,960,10.181004524230957,68364.0078125
blocks.12.self_attn.o_proj,block_wanda,1,8,0.5,1,10,0.03333333333333333,True,0.00250044371932745,0.18364259977937666,0.5,47360.0,111616.0,30586.279296875,24969.333984375,5616.94384765625,5616.94384765625,0.0,960,960,10.181004524230957,68364.0078125
blocks.12.mlp.gate_proj,block_wanda,1,8,0.5,1,10,0.03333333333333333,True,0.0023928172886371613,0.17259615477797166,0.5,130048.0,319488.0,30231.30859375,25013.501953125,5217.8076171875,5217.8076171875,0.0,2560,960,10.181004524230957,68364.0078125
blocks.12.mlp.up_proj,block_wanda,1,8,0.5,1,10,0.03333333333333333,True,0.002422081306576729,0.26329446040265364,0.5,146432.0,364544.0,25281.69140625,18625.16015625,6656.529296875,6656.529296875,0.0,2560,960,10.181004524230957,68364.0078125
blocks.12.mlp.down_proj,block_wanda,1,8,0.5,1,10,0.03333333333333333,True,0.0024317195639014244,0.23924877810005032,0.5,144384.0,352256.0,66379.71875,50498.453125,15881.267578125,15881.267578125,0.0,960,2560,10.181004524230957,68364.0078125
blocks.13.self_attn.q_proj,block_wanda,1,8,0.5,1,10,0.03333333333333333,True,0.0023472094908356667,0.0644318911040875,0.5,59136.0,142336.0,43012.1171875,40240.76171875,2771.35205078125,2771.35205078125,0.0,960,960,10.181004524230957,68364.0078125
blocks.13.self_attn.k_proj,block_wanda,1,8,0.5,1,10,0.03333333333333333,True,0.002356848679482937,0.04430148976240858,0.5,20480.0,49152.0,22619.41796875,21617.34375,1002.0739135742188,1002.0739135742188,0.0,320,960,10.181004524230957,68364.0078125
blocks.13.self_attn.v_proj,block_wanda,1,8,0.5,1,10,0.03333333333333333,True,0.002463357523083687,0.19127862151291,0.5,15808.0,38656.0,3017.0927734375,2439.9873046875,577.1053466796875,577.1053466796875,0.0,320,960,10.181004524230957,68364.0078125
blocks.13.self_attn.o_proj,block_wanda,1,8,0.5,1,10,0.03333333333333333,True,0.0007323026657104492,0.20576035362071465,0.5,45568.0,110592.0,38053.66015625,30223.7265625,7829.9345703125,7829.9345703125,0.0,960,960,10.181004524230957,68364.0078125
blocks.13.mlp.gate_proj,block_wanda,1,8,0.5,1,10,0.03333333333333333,True,0.00030730944126844406,0.15428839071829073,0.5,128512.0,317440.0,30833.99609375,26076.66796875,4757.328125,4757.328125,0.0,2560,960,10.181004524230957,68364.0078125
blocks.13.mlp.up_proj,block_wanda,1,8,0.5,1,10,0.03333333333333333,True,0.00030535273253917694,0.2548426203745991,0.5,147456.0,366592.0,24692.85546875,18400.064453125,6292.7919921875,6292.7919921875,0.0,2560,960,10.181004524230957,68364.0078125
blocks.13.mlp.down_proj,block_wanda,1,8,0.5,1,10,0.03333333333333333,True,0.00032155681401491165,0.09934386385803967,0.5,143360.0,352256.0,156830.78125,141250.625,15580.1748046875,15580.1748046875,0.0,960,2560,10.181004524230957,68364.0078125
blocks.14.self_attn.q_proj,block_wanda,1,8,0.5,1,10,0.03333333333333333,True,0.0022818371653556824,0.07750424384913658,0.5,54528.0,132096.0,43477.4453125,40107.7578125,3369.6865234375,3369.6865234375,0.0,960,960,10.181004524230957,68364.0078125
blocks.14.self_attn.k_proj,block_wanda,1,8,0.5,1,10,0.03333333333333333,True,0.002340434119105339,0.05063948840117465,0.5,19200.0,46080.0,24099.541015625,22879.15234375,1220.388427734375,1220.388427734375,0.0,320,960,10.181004524230957,68364.0078125
blocks.14.self_attn.v_proj,block_wanda,1,8,0.5,1,10,0.03333333333333333,True,0.002463148906826973,0.22587105238120495,0.5,15936.0,38912.0,3525.77001953125,2729.400634765625,796.3693237304688,796.3693237304688,0.0,320,960,10.181004524230957,68364.0078125
blocks.14.self_attn.o_proj,block_wanda,1,8,0.5,1,10,0.03333333333333333,True,0.0023807343095541,0.18343285065701517,0.5,45056.0,111616.0,46292.453125,37800.8984375,8491.5556640625,8491.5556640625,0.0,960,960,10.181004524230957,68364.0078125
blocks.14.mlp.gate_proj,block_wanda,1,8,0.5,1,10,0.03333333333333333,True,0.0024175411090254784,0.17168701649747498,0.5,130048.0,319488.0,27721.80859375,22962.333984375,4759.474609375,4759.474609375,0.0,2560,960,10.181004524230957,68364.0078125
blocks.14.mlp.up_proj,block_wanda,1,8,0.5,1,10,0.03333333333333333,True,0.002507150173187256,0.25939108495743046,0.5,145408.0,360448.0,22810.55078125,16893.6953125,5916.853515625,5916.853515625,0.0,2560,960,10.181004524230957,68364.0078125
blocks.14.mlp.down_proj,block_wanda,1,8,0.5,1,10,0.03333333333333333,True,0.00243171863257885,0.26391130987314604,0.5,140288.0,346112.0,57120.9296875,42046.0703125,15074.859375,15074.859375,0.0,960,2560,10.181004524230957,68364.0078125
blocks.15.self_attn.q_proj,block_wanda,1,8,0.5,1,10,0.03333333333333333,True,0.00243982020765543,0.09583777184215564,0.5,56064.0,136192.0,37462.140625,33871.8515625,3590.288330078125,3590.288330078125,0.0,960,960,10.181004524230957,68364.0078125
blocks.15.self_attn.k_proj,block_wanda,1,8,0.5,1,10,0.03333333333333333,True,0.0023636920377612114,0.05372761245470342,0.5,19200.0,46848.0,23277.037109375,22026.41796875,1250.61962890625,1250.61962890625,0.0,320,960,10.181004524230957,68364.0078125
blocks.15.self_attn.v_proj,block_wanda,1,8,0.5,1,10,0.03333333333333333,True,0.0023620156571269035,0.2511164340352157,0.5,15616.0,38656.0,3210.917724609375,2404.603515625,806.314208984375,806.314208984375,0.0,320,960,10.181004524230957,68364.0078125
blocks.15.self_attn.o_proj,block_wanda,1,8,0.5,1,10,0.03333333333333333,True,0.0023228339850902557,0.19839353802929963,0.5,47872.0,113152.0,46715.625,37447.54296875,9268.078125,9268.078125,0.0,960,960,10.181004524230957,68364.0078125
blocks.15.mlp.gate_proj,block_wanda,1,8,0.5,1,10,0.03333333333333333,True,0.0023642508313059807,0.17164561867334613,0.5,130560.0,321536.0,25936.19921875,21484.36328125,4451.8349609375,4451.8349609375,0.0,2560,960,10.181004524230957,68364.0078125
blocks.15.mlp.up_proj,block_wanda,1,8,0.5,1,10,0.03333333333333333,True,0.0004973504692316055,0.2395849179878105,0.5,144384.0,356352.0,22211.11328125,16889.6640625,5321.44775390625,5321.44775390625,0.0,2560,960,10.181004524230957,68364.0078125
blocks.15.mlp.down_proj,block_wanda,1,8,0.5,1,10,0.03333333333333333,True,0.0025379499420523643,0.2466044768176206,0.5,139264.0,339968.0,55049.21875,41473.8359375,13575.3837890625,13575.3837890625,0.0,960,2560,10.181004524230957,68364.0078125
blocks.16.self_attn.q_proj,block_wanda,1,8,0.5,1,10,0.03333333333333333,True,0.0023382697254419327,0.0824069962803998,0.5,54016.0,131072.0,40587.359375,37242.6796875,3344.682373046875,3344.682373046875,0.0,960,960,10.181004524230957,68364.0078125
blocks.16.self_attn.k_proj,block_wanda,1,8,0.5,1,10,0.03333333333333333,True,0.0022723376750946045,0.06499716063302025,0.5,18944.0,46080.0,19336.12109375,18079.328125,1256.79296875,1256.79296875,0.0,320,960,10.181004524230957,68364.0078125
blocks.16.self_attn.v_proj,block_wanda,1,8,0.5,1,10,0.03333333333333333,True,0.0023696282878518105,0.21618908823798028,0.5,16064.0,39936.0,3985.722900390625,3124.05322265625,861.6697998046875,861.6697998046875,0.0,320,960,10.181004524230957,68364.0078125
blocks.16.self_attn.o_proj,block_wanda,1,8,0.5,1,10,0.03333333333333333,True,0.0023812223225831985,0.15208334714982863,0.5,49664.0,112640.0,55955.72265625,47445.7890625,8509.93359375,8509.93359375,0.0,960,960,10.181004524230957,68364.0078125
blocks.16.mlp.gate_proj,block_wanda,1,8,0.5,1,10,0.03333333333333333,True,0.002421801909804344,0.1780216091665405,0.5,132096.0,327680.0,26446.38671875,21738.359375,4708.02783203125,4708.02783203125,0.0,2560,960,10.181004524230957,68364.0078125
blocks.16.mlp.up_proj,block_wanda,1,8,0.5,1,10,0.03333333333333333,True,0.0025359252467751503,0.24949019747812257,0.5,143360.0,354304.0,21341.3671875,16016.90625,5324.4619140625,5324.4619140625,0.0,2560,960,10.181004524230957,68364.0078125
blocks.16.mlp.down_proj,block_wanda,1,8,0.5,1,10,0.03333333333333333,True,0.0024281563237309456,0.24708103456150476,0.5,137216.0,335872.0,50118.7578125,37735.36328125,12383.39453125,12383.39453125,0.0,960,2560,10.181004524230957,68364.0078125
blocks.17.self_attn.q_proj,block_wanda,1,8,0.5,1,10,0.03333333333333333,True,0.0023419708013534546,0.09689779936415899,0.5,48384.0,117760.0,46230.6015625,41750.95703125,4479.64306640625,4479.64306640625,0.0,960,960,10.181004524230957,68364.0078125
blocks.17.self_attn.k_proj,block_wanda,1,8,0.5,1,10,0.03333333333333333,True,0.0023614568635821342,0.0825634259022122,0.5,16384.0,40192.0,20590.6640625,18890.626953125,1700.035888671875,1700.035888671875,0.0,320,960,10.181004524230957,68364.0078125
blocks.17.self_attn.v_proj,block_wanda,1,8,0.5,1,10,0.03333333333333333,True,0.0022939201444387436,0.1941143984063738,0.5,14144.0,34816.0,5392.33056640625,4345.6015625,1046.72900390625,1046.72900390625,0.0,320,960,10.181004524230957,68364.0078125
blocks.17.self_attn.o_proj,block_wanda,1,8,0.5,1,10,0.03333333333333333,True,0.0008819065988063812,0.13364344772136322,0.5,44032.0,101888.0,79405.34375,68793.3359375,10612.0048828125,10612.0048828125,0.0,960,960,10.181004524230957,68364.0078125
blocks.17.mlp.gate_proj,block_wanda,1,8,0.5,1,10,0.03333333333333333,True,0.00033154431730508804,0.1772173711031064,0.5,130048.0,321536.0,29013.431640625,23871.748046875,5141.6845703125,5141.6845703125,0.0,2560,960,10.181004524230957,68364.0078125
blocks.17.mlp.up_proj,block_wanda,1,8,0.5,1,10,0.03333333333333333,True,0.00030227936804294586,0.25748098631069927,0.5,143360.0,354304.0,23906.244140625,17750.83984375,6155.4033203125,6155.4033203125,0.0,2560,960,10.181004524230957,68364.0078125
blocks.17.mlp.down_proj,block_wanda,1,8,0.5,1,10,0.03333333333333333,True,0.0003270041197538376,0.23299897108063358,0.5,139264.0,337920.0,60576.296875,46462.08203125,14114.21484375,14114.21484375,0.0,960,2560,10.181004524230957,68364.0078125
blocks.18.self_attn.q_proj,block_wanda,1,8,0.5,1,10,0.03333333333333333,True,0.002345883287489414,0.08415225172772922,0.5,47616.0,115712.0,46474.81640625,42563.85546875,3910.96044921875,3910.96044921875,0.0,960,960,10.181004524230957,68364.0078125
blocks.18.self_attn.k_proj,block_wanda,1,8,0.5,1,10,0.03333333333333333,True,0.0023592226207256317,0.07436822714132345,0.5,15488.0,37888.0,18188.91015625,16836.23046875,1352.677001953125,1352.677001953125,0.0,320,960,10.181004524230957,68364.0078125
blocks.18.self_attn.v_proj,block_wanda,1,8,0.5,1,10,0.03333333333333333,True,0.002374238334596157,0.21063868637347216,0.5,15360.0,37632.0,5300.09375,4183.689453125,1116.40478515625,1116.40478515625,0.0,320,960,10.181004524230957,68364.0078125
blocks.18.self_attn.o_proj,block_wanda,1,8,0.5,1,10,0.03333333333333333,True,0.0024608448147773743,0.11447990478087344,0.5,46592.0,110080.0,101985.15625,90309.90625,11675.2509765625,11675.2509765625,0.0,960,960,10.181004524230957,68364.0078125
blocks.18.mlp.gate_proj,block_wanda,1,8,0.5,1,10,0.03333333333333333,True,0.0023298198357224464,0.15630079747396297,0.5,128512.0,317440.0,29873.869140625,25204.55859375,4669.3095703125,4669.3095703125,0.0,2560,960,10.181004524230957,68364.0078125
blocks.18.mlp.up_proj,block_wanda,1,8,0.5,1,10,0.03333333333333333,True,0.002357127144932747,0.24618086877815198,0.5,143360.0,356352.0,23097.6328125,17411.4375,5686.1953125,5686.1953125,0.0,2560,960,10.181004524230957,68364.0078125
blocks.18.mlp.down_proj,block_wanda,1,8,0.5,1,10,0.03333333333333333,True,0.002429693005979061,0.23337087266454776,0.5,139264.0,337920.0,62783.109375,48131.36328125,14651.7490234375,14651.7490234375,0.0,960,2560,10.181004524230957,68364.0078125
blocks.19.self_attn.q_proj,block_wanda,1,8,0.5,1,10,0.03333333333333333,True,0.00248787272721529,0.08188245313410682,0.5,54784.0,133120.0,41801.24609375,38378.45703125,3422.78857421875,3422.78857421875,0.0,960,960,10.181004524230957,68364.0078125
blocks.19.self_attn.k_proj,block_wanda,1,8,0.5,1,10,0.03333333333333333,True,0.002361457794904709,0.05216506296239173,0.5,19072.0,46080.0,23161.302734375,21953.09375,1208.2108154296875,1208.2108154296875,0.0,320,960,10.181004524230957,68364.0078125
blocks.19.self_attn.v_proj,block_wanda,1,8,0.5,1,10,0.03333333333333333,True,0.0023662764579057693,0.24689773207272758,0.5,16896.0,41728.0,3761.5224609375,2832.81103515625,928.7113037109375,928.7113037109375,0.0,320,960,10.181004524230957,68364.0078125
blocks.19.self_attn.o_proj,block_wanda,1,8,0.5,1,10,0.03333333333333333,True,0.002381431870162487,0.19603750286218966,0.5,46848.0,113664.0,64963.375,52228.1171875,12735.2578125,12735.2578125,0.0,960,960,10.181004524230957,68364.0078125
blocks.19.mlp.gate_proj,block_wanda,1,8,0.5,1,10,0.03333333333333333,True,0.002388346940279007,0.16628345054792557,0.5,132096.0,325632.0,25784.0390625,21496.58203125,4287.458984375,4287.458984375,0.0,2560,960,10.181004524230957,68364.0078125
blocks.19.mlp.up_proj,block_wanda,1,8,0.5,1,10,0.03333333333333333,True,0.0004676682874560356,0.22945137414037448,0.5,144384.0,354304.0,21383.5390625,16477.056640625,4906.482421875,4906.482421875,0.0,2560,960,10.181004524230957,68364.0078125
blocks.19.mlp.down_proj,block_wanda,1,8,0.5,1,10,0.03333333333333333,True,0.002516578882932663,0.23465884220693875,0.5,139264.0,335872.0,78568.390625,60131.625,18436.767578125,18436.767578125,0.0,960,2560,10.181004524230957,68364.0078125
blocks.20.self_attn.q_proj,block_wanda,1,8,0.5,1,10,0.03333333333333333,True,0.0023500025272369385,0.12735340489038702,0.5,48384.0,117760.0,44527.40625,38856.69140625,5670.716796875,5670.716796875,0.0,960,960,10.181004524230957,68364.0078125
blocks.20.self_attn.k_proj,block_wanda,1,8,0.5,1,10,0.03333333333333333,True,0.002364042215049267,0.07553073310884324,0.5,15104.0,36864.0,22600.98828125,20893.91796875,1707.0692138671875,1707.0692138671875,0.0,320,960,10.181004524230957,68364.0078125
blocks.20.self_attn.v_proj,block_wanda,1,8,0.5,1,10,0.03333333333333333,True,0.00236634723842144,0.23319168129952797,0.5,16384.0,41216.0,7293.03271484375,5592.3583984375,1700.674560546875,1700.674560546875,0.0,320,960,10.181004524230957,68364.0078125
blocks.20.self_attn.o_proj,block_wanda,1,8,0.5,1,10,0.03333333333333333,True,0.0023814328014850616,0.19397873659394485,0.5,48128.0,116736.0,88910.8203125,71664.015625,17246.80859375,17246.80859375,0.0,960,960,10.181004524230957,68364.0078125
blocks.20.mlp.gate_proj,block_wanda,1,8,0.5,1,10,0.03333333333333333,True,0.0024247346445918083,0.1571649764404617,0.5,129536.0,319488.0,31814.34375,26814.2421875,5000.1005859375,5000.1005859375,0.0,2560,960,10.181004524230957,68364.0078125
blocks.20.mlp.up_proj,block_wanda,1,8,0.5,1,10,0.03333333333333333,True,0.002560090273618698,0.2393923181574018,0.5,145408.0,358400.0,25412.146484375,19328.671875,6083.47265625,6083.47265625,0.0,2560,960,10.181004524230957,68364.0078125
blocks.20.mlp.down_proj,block_wanda,1,8,0.5,1,10,0.03333333333333333,True,0.002351888455450535,0.23375157553831566,0.5,142336.0,339968.0,101490.609375,77767.015625,23723.587890625,23723.587890625,0.0,960,2560,10.181004524230957,68364.0078125
blocks.21.self_attn.q_proj,block_wanda,1,8,0.5,1,10,0.03333333333333333,True,0.002344345673918724,0.10064169282325076,0.5,48384.0,119808.0,41501.859375,37325.04296875,4176.81689453125,4176.81689453125,0.0,960,960,10.181004524230957,68364.0078125
blocks.21.self_attn.k_proj,block_wanda,1,8,0.5,1,10,0.03333333333333333,True,0.002368232235312462,0.06933822588528583,0.5,16128.0,39680.0,19812.08203125,18438.34375,1373.7347412109375,1373.7347412109375,0.0,320,960,10.181004524230957,68364.0078125
blocks.21.self_attn.v_proj,block_wanda,1,8,0.5,1,10,0.03333333333333333,True,0.0023675337433815002,0.24989746291048043,0.5,18688.0,46336.0,6984.658203125,5239.2099609375,1745.448486328125,1745.448486328125,0.0,320,960,10.181004524230957,68364.0078125
blocks.21.self_attn.o_proj,block_wanda,1,8,0.5,1,10,0.03333333333333333,True,0.0004733949899673462,0.1980899301023916,0.5,51456.0,123392.0,78226.03125,62730.234375,15495.7890625,15495.7890625,0.0,960,960,10.181004524230957,68364.0078125
blocks.21.mlp.gate_proj,block_wanda,1,8,0.5,1,10,0.03333333333333333,True,0.0003093341365456581,0.15377616347248363,0.5,129024.0,317440.0,36591.78515625,30964.83984375,5626.9443359375,5626.9443359375,0.0,2560,960,10.181004524230957,68364.0078125
blocks.21.mlp.up_proj,block_wanda,1,8,0.5,1,10,0.03333333333333333,True,0.00033154431730508804,0.22626756276636178,0.5,145408.0,358400.0,30648.4453125,23713.6953125,6934.7490234375,6934.7490234375,0.0,2560,960,10.181004524230957,68364.0078125
blocks.21.mlp.down_proj,block_wanda,1,8,0.5,1,10,0.03333333333333333,True,0.00032993778586387634,0.2321685553582008,0.5,143360.0,342016.0,135533.921875,104067.203125,31466.712890625,31466.712890625,0.0,960,2560,10.181004524230957,68364.0078125
blocks.22.self_attn.q_proj,block_wanda,1,8,0.5,1,10,0.03333333333333333,True,0.002346930094063282,0.08476170955134449,0.5,49408.0,119296.0,48792.1328125,44656.4296875,4135.70458984375,4135.70458984375,0.0,960,960,10.181004524230957,68364.0078125
blocks.22.self_attn.k_proj,block_wanda,1,8,0.5,1,10,0.03333333333333333,True,0.0023639705032110214,0.056869068152582705,0.5,16128.0,38912.0,21007.6640625,19812.9765625,1194.686279296875,1194.686279296875,0.0,320,960,10.181004524230957,68364.0078125
blocks.22.self_attn.v_proj,block_wanda,1,8,0.5,1,10,0.03333333333333333,True,0.002364042215049267,0.2070509934277376,0.5,18560.0,45056.0,7251.78662109375,5750.296875,1501.48974609375,1501.48974609375,0.0,320,960,10.181004524230957,68364.0078125
blocks.22.self_attn.o_proj,block_wanda,1,8,0.5,1,10,0.03333333333333333,True,0.0023758448660373688,0.1653082241946108,0.5,51712.0,121856.0,164908.625,137647.875,27260.751953125,27260.751953125,0.0,960,960,10.181004524230957,68364.0078125
blocks.22.mlp.gate_proj,block_wanda,1,8,0.5,1,10,0.03333333333333333,True,0.0024898992851376534,0.1287191730981085,0.5,128512.0,315392.0,50138.203125,43684.453125,6453.748046875,6453.748046875,0.0,2560,960,10.181004524230957,68364.0078125
blocks.22.mlp.up_proj,block_wanda,1,8,0.5,1,10,0.03333333333333333,True,0.002373679541051388,0.19895581384379354,0.5,144384.0,356352.0,38757.1015625,31046.1484375,7710.95068359375,7710.95068359375,0.0,2560,960,10.181004524230957,68364.0078125
blocks.22.mlp.down_proj,block_wanda,1,8,0.5,1,10,0.03333333333333333,True,0.0023812931030988693,0.21683275629625073,0.5,143360.0,339968.0,263179.9375,206113.90625,57066.0234375,57066.0234375,0.0,960,2560,10.181004524230957,68364.0078125
blocks.23.self_attn.q_proj,block_wanda,1,8,0.5,1,10,0.03333333333333333,True,0.0023498637601733208,0.13548414282393445,0.5,46848.0,114176.0,43152.78125,37306.2578125,5846.517578125,5846.517578125,0.0,960,960,10.181004524230957,68364.0078125
blocks.23.self_attn.k_proj,block_wanda,1,8,0.5,1,10,0.03333333333333333,True,0.0023619458079338074,0.07288250050251288,0.5,15040.0,36096.0,24525.1796875,22737.72265625,1787.4564208984375,1787.4564208984375,0.0,320,960,10.181004524230957,68364.0078125
blocks.23.self_attn.v_proj,block_wanda,1,8,0.5,1,10,0.03333333333333333,True,0.002369210124015808,0.2335978849906091,0.5,18560.0,45568.0,10944.4697265625,8387.865234375,2556.604736328125,2556.604736328125,0.0,320,960,10.181004524230957,68364.0078125
blocks.23.self_attn.o_proj,block_wanda,1,8,0.5,1,10,0.03333333333333333,True,0.0025218166410923004,0.2297833623443121,0.5,52992.0,126464.0,113422.3984375,87359.8203125,26062.580078125,26062.580078125,0.0,960,960,10.181004524230957,68364.0078125
blocks.23.mlp.gate_proj,block_wanda,1,8,0.5,1,10,0.03333333333333333,True,0.002422221004962921,0.1505120865759119,0.5,130560.0,317440.0,52172.421875,44319.83984375,7852.58056640625,7852.58056640625,0.0,2560,960,10.181004524230957,68364.0078125
blocks.23.mlp.up_proj,block_wanda,1,8,0.5,1,10,0.03333333333333333,True,0.0005192821845412254,0.20510632604205511,0.5,148480.0,364544.0,48521.15625,38569.15625,9951.99609375,9951.99609375,0.0,2560,960,10.181004524230957,68364.0078125
blocks.23.mlp.down_proj,block_wanda,1,8,0.5,1,10,0.03333333333333333,True,0.0024313703179359436,0.20856097502557008,0.5,147456.0,346112.0,360100.8125,284997.8125,75102.9765625,75102.9765625,0.0,960,2560,10.181004524230957,68364.0078125
blocks.24.self_attn.q_proj,block_wanda,1,8,0.5,1,10,0.03333333333333333,True,0.0023451149463653564,0.12450182278144135,0.5,46336.0,112640.0,51078.7890625,44719.3828125,6359.40234375,6359.40234375,0.0,960,960,10.181004524230957,68364.0078125
blocks.24.self_attn.k_proj,block_wanda,1,8,0.5,1,10,0.03333333333333333,True,0.0024660825729370117,0.07654233643699775,0.5,13952.0,33536.0,23130.83984375,21360.3515625,1770.488525390625,1770.488525390625,0.0,320,960,10.181004524230957,68364.0078125
blocks.24.self_attn.v_proj,block_wanda,1,8,0.5,1,10,0.03333333333333333,True,0.0024631498381495476,0.15629115813628916,0.5,17536.0,43008.0,17196.203125,14508.5888671875,2687.614501953125,2687.614501953125,0.0,320,960,10.181004524230957,68364.0078125
blocks.24.self_attn.o_proj,block_wanda,1,8,0.5,1,10,0.03333333333333333,True,0.0023819906637072563,0.19748565002427482,0.5,55040.0,129024.0,202659.859375,162637.4375,40022.4140625,40022.4140625,0.0,960,960,10.181004524230957,68364.0078125
blocks.24.mlp.gate_proj,block_wanda,1,8,0.5,1,10,0.03333333333333333,True,0.0024250848218798637,0.17358961961128716,0.5,131072.0,321536.0,54233.27734375,44818.9453125,9414.333984375,9414.333984375,0.0,2560,960,10.181004524230957,68364.0078125
blocks.24.mlp.up_proj,block_wanda,1,8,0.5,1,10,0.03333333333333333,True,0.002421732060611248,0.2223420596874787,0.5,148480.0,362496.0,53035.8828125,41243.78125,11792.1064453125,11792.1064453125,0.0,2560,960,10.181004524230957,68364.0078125
blocks.24.mlp.down_proj,block_wanda,1,8,0.5,1,10,0.03333333333333333,True,0.0025465404614806175,0.21299856923545957,0.5,148480.0,350208.0,485448.5,382048.625,103399.8359375,103399.8359375,0.0,960,2560,10.181004524230957,68364.0078125
blocks.25.self_attn.q_proj,block_wanda,1,8,0.5,1,10,0.03333333333333333,True,0.00230537261813879,0.10811910637093915,0.5,47872.0,115712.0,47991.109375,42802.3515625,5188.75537109375,5188.75537109375,0.0,960,960,10.181004524230957,68364.0078125
blocks.25.self_attn.k_proj,block_wanda,1,8,0.5,1,10,0.03333333333333333,True,0.0023566382005810738,0.07036420611682588,0.5,14272.0,34304.0,19726.0703125,18338.060546875,1388.00927734375,1388.00927734375,0.0,320,960,10.181004524230957,68364.0078125
blocks.25.self_attn.v_proj,block_wanda,1,8,0.5,1,10,0.03333333333333333,True,0.002369210124015808,0.2260726276166298,0.5,22016.0,54016.0,14487.322265625,11212.1357421875,3275.18701171875,3275.18701171875,0.0,320,960,10.181004524230957,68364.0078125
blocks.25.self_attn.o_proj,block_wanda,1,8,0.5,1,10,0.03333333333333333,True,0.0008166730403900146,0.19490677426313102,0.5,62208.0,142336.0,129081.84375,103922.9140625,25158.92578125,25158.92578125,0.0,960,960,10.181004524230957,68364.0078125
blocks.25.mlp.gate_proj,block_wanda,1,8,0.5,1,10,0.03333333333333333,True,0.0003969864919781685,0.18866845668625426,0.5,131072.0,321536.0,58105.7421875,47143.01953125,10962.7216796875,10962.7216796875,0.0,2560,960,10.181004524230957,68364.0078125
blocks.25.mlp.up_proj,block_wanda,1,8,0.5,1,10,0.03333333333333333,True,0.00030514318495988846,0.2338354573431496,0.5,150528.0,368640.0,60554.87109375,46394.9921875,14159.8759765625,14159.8759765625,0.0,2560,960,10.181004524230957,68364.0078125
blocks.25.mlp.down_proj,block_wanda,1,8,0.5,1,10,0.03333333333333333,True,0.0003054235130548477,0.2311082123985716,0.5,149504.0,356352.0,556041.875,427536.0625,128505.84375,128505.84375,0.0,960,2560,10.181004524230957,68364.0078125
blocks.26.self_attn.q_proj,block_wanda,1,8,0.5,1,10,0.03333333333333333,True,0.0024340245872735977,0.1113613113596137,0.5,46080.0,111104.0,46939.83203125,41712.55078125,5227.28173828125,5227.28173828125,0.0,960,960,10.181004524230957,68364.0078125
blocks.26.self_attn.k_proj,block_wanda,1,8,0.5,1,10,0.03333333333333333,True,0.0022373460233211517,0.06787032707507536,0.5,13632.0,32768.0,20571.77734375,19175.5625,1396.2132568359375,1396.2132568359375,0.0,320,960,10.181004524230957,68364.0078125
blocks.26.self_attn.v_proj,block_wanda,1,8,0.5,1,10,0.03333333333333333,True,0.0023687202483415604,0.1540458915700281,0.5,23552.0,57856.0,27102.09765625,22927.1328125,4174.966796875,4174.966796875,0.0,320,960,10.181004524230957,68364.0078125
blocks.26.self_attn.o_proj,block_wanda,1,8,0.5,1,10,0.03333333333333333,True,0.002364460378885269,0.249354557337918,0.5,56832.0,147456.0,213473.890625,160243.203125,53230.6875,53230.6875,0.0,960,960,10.181004524230957,68364.0078125
blocks.26.mlp.gate_proj,block_wanda,1,8,0.5,1,10,0.03333333333333333,True,0.0024170521646738052,0.20189738983050443,0.5,131072.0,319488.0,65609.6640625,52363.2421875,13246.419921875,13246.419921875,0.0,2560,960,10.181004524230957,68364.0078125
blocks.26.mlp.up_proj,block_wanda,1,8,0.5,1,10,0.03333333333333333,True,0.0024148868396878242,0.2416517218738929,0.5,152576.0,372736.0,73190.3828125,55503.796875,17686.58203125,17686.58203125,0.0,2560,960,10.181004524230957,68364.0078125
blocks.26.mlp.down_proj,block_wanda,1,8,0.5,1,10,0.03333333333333333,True,0.0024297628551721573,0.22600365451027593,0.5,150528.0,360448.0,800073.0,619253.5625,180819.421875,180819.421875,0.0,960,2560,10.181004524230957,68364.0078125
blocks.27.self_attn.q_proj,block_wanda,1,8,0.5,1,10,0.03333333333333333,True,0.0024728570133447647,0.11622009020095812,0.5,44032.0,105472.0,45663.6640625,40356.625,5307.03515625,5307.03515625,0.0,960,960,10.181004524230957,68364.0078125
blocks.27.self_attn.k_proj,block_wanda,1,8,0.5,1,10,0.03333333333333333,True,0.002357685938477516,0.060731392070816806,0.5,12544.0,29824.0,22687.05859375,21309.2421875,1377.816650390625,1377.816650390625,0.0,320,960,10.181004524230957,68364.0078125
blocks.27.self_attn.v_proj,block_wanda,1,8,0.5,1,10,0.03333333333333333,True,0.002363482490181923,0.1541502167236047,0.5,24704.0,59392.0,34161.99609375,28895.9140625,5266.0791015625,5266.0791015625,0.0,320,960,10.181004524230957,68364.0078125
blocks.27.self_attn.o_proj,block_wanda,1,8,0.5,1,10,0.03333333333333333,True,0.002381223253905773,0.22369261412242883,0.5,64000.0,153600.0,246409.234375,191289.3125,55119.92578125,55119.92578125,0.0,960,960,10.181004524230957,68364.0078125
blocks.27.mlp.gate_proj,block_wanda,1,8,0.5,1,10,0.03333333333333333,True,0.002554921433329582,0.2161533950412024,0.5,131072.0,321536.0,64610.546875,50644.7578125,13965.7890625,13965.7890625,0.0,2560,960,10.181004524230957,68364.0078125
blocks.27.mlp.up_proj,block_wanda,1,8,0.5,1,10,0.03333333333333333,True,0.0003674440085887909,0.25168578414702586,0.5,153600.0,374784.0,74893.28125,56043.70703125,18849.57421875,18849.57421875,0.0,2560,960,10.181004524230957,68364.0078125
blocks.27.mlp.down_proj,block_wanda,1,8,0.5,1,10,0.03333333333333333,True,0.002436677925288677,0.24534089085457778,0.5,150528.0,364544.0,953002.0625,719191.6875,233810.359375,233810.359375,0.0,960,2560,10.181004524230957,68364.0078125
blocks.28.self_attn.q_proj,block_wanda,1,8,0.5,1,10,0.03333333333333333,True,0.0023168278858065605,0.10874059699100434,0.5,44032.0,105472.0,47673.1953125,42489.1875,5184.01171875,5184.01171875,0.0,960,960,10.181004524230957,68364.0078125
blocks.28.self_attn.k_proj,block_wanda,1,8,0.5,1,10,0.03333333333333333,True,0.0023590130731463432,0.06494348979842873,0.5,12416.0,29440.0,20260.359375,18944.580078125,1315.778564453125,1315.778564453125,0.0,320,960,10.181004524230957,68364.0078125
blocks.28.self_attn.v_proj,block_wanda,1,8,0.5,1,10,0.03333333333333333,True,0.002361946739256382,0.13689798389293353,0.5,24704.0,59136.0,35566.6875,30697.677734375,4869.0078125,4869.0078125,0.0,320,960,10.181004524230957,68364.0078125
blocks.28.self_attn.o_proj,block_wanda,1,8,0.5,1,10,0.03333333333333333,True,0.002504565753042698,0.21809189546984314,0.5,65280.0,150528.0,271746.9375,212481.140625,59265.80859375,59265.80859375,0.0,960,960,10.181004524230957,68364.0078125
blocks.28.mlp.gate_proj,block_wanda,1,8,0.5,1,10,0.03333333333333333,True,0.0024134907871484756,0.22007643201678767,0.5,131072.0,321536.0,65658.328125,51208.4765625,14449.8505859375,14449.8505859375,0.0,2560,960,10.181004524230957,68364.0078125
blocks.28.mlp.up_proj,block_wanda,1,8,0.5,1,10,0.03333333333333333,True,0.0024197762832045555,0.2526209353949602,0.5,154624.0,376832.0,78299.8125,58519.640625,19780.171875,19780.171875,0.0,2560,960,10.181004524230957,68364.0078125
blocks.28.mlp.down_proj,block_wanda,1,8,0.5,1,10,0.03333333333333333,True,0.0024299733340740204,0.22912620973508988,0.5,152576.0,366592.0,1258540.0,970175.625,288364.5,288364.5,0.0,960,2560,10.181004524230957,68364.0078125
blocks.29.self_attn.q_proj,block_wanda,1,8,0.5,1,10,0.03333333333333333,True,0.0023443466052412987,0.11725969269337705,0.5,43264.0,103936.0,52553.8828125,46391.4296875,6162.4521484375,6162.4521484375,0.0,960,960,10.181004524230957,68364.0078125
blocks.29.self_attn.k_proj,block_wanda,1,8,0.5,1,10,0.03333333333333333,True,0.002286655828356743,0.06635836906837983,0.5,11840.0,28288.0,22108.2421875,20641.177734375,1467.06689453125,1467.06689453125,0.0,320,960,10.181004524230957,68364.0078125
blocks.29.self_attn.v_proj,block_wanda,1,8,0.5,1,10,0.03333333333333333,True,0.00236634723842144,0.1780732757063748,0.5,24832.0,60672.0,33740.71875,27732.396484375,6008.3203125,6008.3203125,0.0,320,960,10.181004524230957,68364.0078125
blocks.29.self_attn.o_proj,block_wanda,1,8,0.5,1,10,0.03333333333333333,True,0.0006605740636587143,0.19042357374290173,0.5,63232.0,149504.0,478202.59375,387141.5625,91061.0546875,91061.0546875,0.0,960,960,10.181004524230957,68364.0078125
blocks.29.mlp.gate_proj,block_wanda,1,8,0.5,1,10,0.03333333333333333,True,0.0003263065591454506,0.22014396362808203,0.5,132096.0,321536.0,67029.734375,52273.546875,14756.19140625,14756.19140625,0.0,2560,960,10.181004524230957,68364.0078125
blocks.29.mlp.up_proj,block_wanda,1,8,0.5,1,10,0.03333333333333333,True,0.00032784324139356613,0.25127785750741105,0.5,154624.0,376832.0,80409.5546875,60204.4140625,20205.140625,20205.140625,0.0,2560,960,10.181004524230957,68364.0078125
blocks.29.mlp.down_proj,block_wanda,1,8,0.5,1,10,0.03333333333333333,True,0.0003229547291994095,0.2419979013390492,0.5,151552.0,368640.0,1507151.5,1142424.0,364727.5,364727.5,0.0,960,2560,10.181004524230957,68364.0078125
blocks.30.self_attn.q_proj,block_wanda,1,8,0.5,1,10,0.03333333333333333,True,0.0023463014513254166,0.109495898258527,0.5,41472.0,100864.0,57169.41015625,50909.59375,6259.81591796875,6259.81591796875,0.0,960,960,10.181004524230957,68364.0078125
blocks.30.self_attn.k_proj,block_wanda,1,8,0.5,1,10,0.03333333333333333,True,0.002364112064242363,0.05493640592383812,0.5,11840.0,28800.0,27743.177734375,26219.0703125,1524.1103515625,1524.1103515625,0.0,320,960,10.181004524230957,68364.0078125
blocks.30.self_attn.v_proj,block_wanda,1,8,0.5,1,10,0.03333333333333333,True,0.002364390529692173,0.24910759105945776,0.5,25600.0,63744.0,27896.97265625,20947.62109375,6949.34814453125,6949.34814453125,0.0,320,960,10.181004524230957,68364.0078125
blocks.30.self_attn.o_proj,block_wanda,1,8,0.5,1,10,0.03333333333333333,True,0.0023817121982574463,0.18779841128460176,0.5,65536.0,151552.0,613561.75,498335.84375,115225.921875,115225.921875,0.0,960,960,10.181004524230957,68364.0078125
blocks.30.mlp.gate_proj,block_wanda,1,8,0.5,1,10,0.03333333333333333,True,0.002416912466287613,0.20142819908878115,0.5,133120.0,323584.0,77843.8828125,62163.9296875,15679.953125,15679.953125,0.0,2560,960,10.181004524230957,68364.0078125
blocks.30.mlp.up_proj,block_wanda,1,8,0.5,1,10,0.03333333333333333,True,0.002524052746593952,0.2347908827229107,0.5,155648.0,376832.0,91490.7890625,70009.578125,21481.203125,21481.203125,0.0,2560,960,10.181004524230957,68364.0078125
blocks.30.mlp.down_proj,block_wanda,1,8,0.5,1,10,0.03333333333333333,True,0.002432139590382576,0.16225666579581746,0.5,152576.0,362496.0,2763586.0,2315176.0,448410.25,448410.25,0.0,960,2560,10.181004524230957,68364.0078125
blocks.31.self_attn.q_proj,block_wanda,1,8,0.5,1,10,0.03333333333333333,True,0.0023497240617871284,0.12278913776922744,0.5,42240.0,102912.0,56844.69140625,49864.77734375,6979.91015625,6979.91015625,0.0,960,960,10.181004524230957,68364.0078125
blocks.31.self_attn.k_proj,block_wanda,1,8,0.5,1,10,0.03333333333333333,True,0.0021391473710536957,0.08815455639255074,0.5,12928.0,31488.0,22214.8828125,20256.5390625,1958.3431396484375,1958.3431396484375,0.0,320,960,10.181004524230957,68364.0078125
blocks.31.self_attn.v_proj,block_wanda,1,8,0.5,1,10,0.03333333333333333,True,0.00215108972042799,0.2888830435463224,0.5,24448.0,60416.0,23905.3984375,16999.533203125,6905.8642578125,6905.8642578125,0.0,320,960,10.181004524230957,68364.0078125
blocks.31.self_attn.o_proj,block_wanda,1,8,0.5,1,10,0.03333333333333333,True,0.002379057928919792,0.2136514558825934,0.5,60672.0,148480.0,454863.6875,357681.4375,97182.2890625,97182.2890625,0.0,960,960,10.181004524230957,68364.0078125
blocks.31.mlp.gate_proj,block_wanda,1,8,0.5,1,10,0.03333333333333333,True,0.0024170512333512306,0.12080027973686054,0.5,136192.0,325632.0,156575.71875,137661.328125,18914.390625,18914.390625,0.0,2560,960,10.181004524230957,68364.0078125
blocks.31.mlp.up_proj,block_wanda,1,8,0.5,1,10,0.03333333333333333,True,0.0009778700768947601,0.16608356233405183,0.5,156672.0,376832.0,148107.25,123509.0703125,24598.1796875,24598.1796875,0.0,2560,960,10.181004524230957,68364.0078125
blocks.31.mlp.down_proj,block_wanda,1,8,0.5,1,10,0.03333333333333333,True,0.0025116903707385063,0.021425032466853462,0.5,147456.0,327680.0,25438252.0,24893236.0,545015.3125,545015.3125,0.0,960,2560,10.181004524230957,68364.0078125
